,1Fonds,2Formes,3Faces
0,Fond 1,Forme 1,Face 1
1,Fond 3,Forme 3,Face 3
2,Fond 2,Forme 3,Face 2
3,Fond 1,Forme 1,Face 3
4,Fond 3,Forme 3,Face 2
5,Fond 3,Forme 1,Face 3
6,Fond 3,Forme 2,Face 1
7,Fond 1,Forme 2,Face 3
8,Fond 3,Forme 1,Face 2
9,Fond 1,Forme 2,Face 1
10,Fond 2,Forme 1,Face 2
11,Fond 2,Forme 2,Face 2
12,Fond 2,Forme 2,Face 1
13,Fond 2,Forme 3,Face 3
14,Fond 1,Forme 3,Face 3
15,Fond 2,Forme 2,Face 3
16,Fond 3,Forme 2,Face 2
17,Fond 2,Forme 3,Face 1
18,Fond 3,Forme 2,Face 3
19,Fond 2,Forme 1,Face 1
